{"SMILES": "O=C(O)C[C@H]1Cc2c[nH]c3c(csc3c2=O)C/C=C/c2cccc(c2)CCC(=O)NC[C@H](CCCc2n[nH]c(=O)n3cncc23)C(=O)N[C@@H](CCc2nc3cscc3[nH]2)CC(=O)N1", "num_confs": 25, "num_cleavable_bonds": 11, "num_ring_atoms": 27, "time": 1031.5747578144073, "energies": [17.729685504026694, 18.50095839230716, 18.933319262465595, 19.06673249847496, 19.182825039312185, 19.288249401730784, 19.342545769811014, 20.18049261306295, 20.219951866080685, 20.232222196793884, 20.585250371672764, 20.59963979236955, 20.96810964652538, 21.227303315862144, 21.267663581764037, 21.39005472574732, 21.39828141650345, 21.591209574103477, 21.60210994791404, 21.69003936321586, 21.692282102821174, 22.504919228195398, 22.519757591480285, 22.67065979646763, 22.714685130582183], "rmsd": [1.7921864094136895, 1.8821948917569185, 2.2633041189897267, 2.140175705062064, 1.970197497553031, 2.1471630899152427, 2.070962862567993, 2.739550480471856, 1.4623273228592095, 1.8979599318356775, 2.0239508022858494, 2.6100638104597693, 2.710016593218292, 2.536249430403968, 3.342376172229782, 2.8933485756288837, 4.3066788154895965, 5.019462727605948, 2.1716254328222777, 5.097874082708046, 4.398519501789454, 4.877389555387291, 3.3134617466103196, 4.776592016743721], "ring_rmsd": [0.755374522778412, 0.7624646235411011, 0.8748488478427277, 0.7715810331754355, 0.6389911395964479, 0.854360085828709, 0.9993736483805619, 1.1533726877158863, 0.17581597746509847, 0.20610481314385615, 0.6512668418535109, 1.0164856261267006, 0.9404030574476241, 0.675819477719777, 0.8559074911072995, 1.3083781491539013, 1.9686677097884258, 2.586306115406146, 0.9929655716381178, 1.6874735931812548, 1.9300800586705604, 2.2382577060328295, 1.6368352292834478, 2.194493052101745], "parameters": {"repeats_per_cut": 5, "num_confs_genetic": 50, "num_confs_rotamer_search": 5, "force_field": "MMFF94s", "score": "energy", "min_rmsd": 0.5, "energy_diff": 5.0, "small_angle_gran": 5, "large_angle_gran": 15, "clash_threshold": 0.9, "distance_interval": [1.0, 2.5], "num_threads": 0, "max_iters": 1000, "num_embed_tries": 5, "embed_params": {"ETversion": 2, "boxSizeMult": 2.0, "clearConfs": true, "enforceChirality": true, "ignoreSmoothingFailures": false, "maxIterations": 1000, "numThreads": 0, "numZeroFail": 1, "onlyHeavyAtomsForRMS": true, "optimizerForceTol": 0.001, "pruneRmsThresh": -1.0, "randNegEig": true, "randomSeed": 1573095345, "useBasicKnowledge": true, "useExpTorsionAnglePrefs": true, "useRandomCoords": false, "verbose": false}}}