{"SMILES": "O=C1N[C@H](Cc2cccc3sc(=O)ccc23)C(=O)N[C@H](C(=O)O)Cn2nnc3c(=O)[nH]cc(c32)C/C=C/c2ccc(F)c(c2)C[C@H]2CC3c4cc(=O)n5ccnc5n4CC1N3C2=O", "num_confs": 146, "num_cleavable_bonds": 7, "num_ring_atoms": 21, "time": 630.3139607906342, "energies": [142.40056018261382, 143.8748704344301, 144.03777782441273, 144.39080749449676, 144.47909399673938, 144.54122355501798, 144.5675632006502, 144.59352027624513, 144.6830672859572, 144.79583838856968, 144.93383268370673, 145.27622472077854, 145.30247256244132, 145.32932216702721, 145.37951326546695, 145.44299030265285, 145.61095499550976, 145.63732614245149, 145.64230750547955, 145.68401749059916, 145.7963834411746, 145.8868185044066, 145.95843961756148, 145.95957157341294, 146.13854792924153, 146.25001629227475, 146.25066899465034, 146.25305167750588, 146.2635246228167, 146.36671100883495, 146.62161679702265, 146.78872276917988, 146.83933194063835, 147.04463520063135, 147.07938464165738, 147.09647606279216, 147.1166316948171, 147.2127554992049, 147.23593392437616, 147.27535304185892, 147.28928317111368, 147.31439772600154, 147.4747766880904, 147.47921786073942, 147.57785974356852, 147.62422298976344, 147.64137513943368, 147.77332226583624, 147.78152399297855, 147.82778316934258, 147.83597382220347, 147.8529192739971, 147.8887121506921, 147.89738598122833, 147.96842078991523, 148.17027212612544, 148.19774324449514, 148.21339267061245, 148.24216776915287, 148.24527253103025, 148.26532382461323, 148.42195622558773, 148.47537369022456, 148.4976557959269, 148.50437547804069, 148.67085829599395, 148.67695905241064, 148.7086366205433, 148.75433340821704, 148.77354440131163, 148.78215850084985, 148.79305101861436, 148.8148640265314, 148.84638485470114, 149.07174970890088, 149.0791232392716, 149.16580799051243, 149.18572126401133, 149.23039723076553, 149.31394337700365, 149.32804543174075, 149.41176694520522, 149.44827578655628, 149.45306338435617, 149.4567772048462, 149.4659594514526, 149.49064768551784, 149.5058868713208, 149.57668274359807, 149.60128677704947, 149.657437958019, 149.67752184876764, 149.69104497234764, 149.71059002336685, 149.71547570575373, 149.7661168906154, 149.80320265735693, 149.81568125699854, 149.85909217118189, 149.97418754444323, 149.98255531181144, 149.98770814627767, 150.05750025126682, 150.09797197299216, 150.1957920463124, 150.20015354788973, 150.2060554612219, 150.2559695713943, 150.2850271840053, 150.28816742879457, 150.34772592387665, 150.35818346639252, 150.4775371179667, 150.5044715434516, 150.53455393963804, 150.55497862876885, 150.58794455466946, 150.59370116189524, 150.60369944032524, 150.64334542996485, 150.67899501013105, 150.68437151010934, 150.71271864850544, 150.77455293224648, 151.0434492782913, 151.06521060788438, 151.08744883167262, 151.09304015421569, 151.1236041493142, 151.1829414210473, 151.21607492374991, 151.35154122882443, 151.36093178202356, 151.46758599779466, 151.474341946487, 151.5602857185744, 151.59354240303497, 151.7379363054559, 151.79668796857422, 151.9003344507417, 152.02930159061253, 152.0488508035334, 152.07638529931396, 152.2022369090781, 152.23057491203983, 152.28207279924828], "rmsd": [4.686192109256093, 4.375666273069518, 4.192417120598632, 4.549949386046882, 4.5199395006737575, 3.8955412669961853, 3.9688361425967766, 4.312224934276907, 1.6937995741008443, 3.766189450236396, 4.688908056138586, 2.5607180756942154, 4.5974534569844945, 3.4749998406333686, 4.700484814425564, 2.940547613932793, 4.45294689271055, 4.408806539159813, 4.348904830431006, 3.4956822491995543, 1.9908663504872024, 2.3158102677507544, 4.153841528954061, 4.7729953085310655, 3.7427225220963125, 2.8397394481080327, 2.803510590417261, 3.9826680833851884, 3.717498400299241, 4.093877422841928, 3.1490168182098683, 3.969032100890177, 3.7255474174569327, 3.704534753536149, 3.3226502755357408, 4.286674281821768, 3.9435755444388425, 3.6702693894212426, 3.7715402166989453, 4.170637087197502, 3.151172310154449, 3.4463326667933742, 5.040336583009933, 1.6786382819840369, 3.5275594481110484, 4.096227842880748, 2.041333379289331, 4.365946723219546, 3.134901752175021, 2.7650215914231566, 3.265589589683525, 4.5241039886090055, 3.579226246388698, 3.44326737813477, 3.462627282975341, 3.675766003994082, 4.416325621081164, 2.8348996871300813, 3.60109649709742, 2.733399176078158, 0.5107435823331595, 3.3993231621651803, 2.952898053993119, 4.248848345650722, 4.333433547273586, 3.557396711696939, 3.3269876496866333, 3.874697034679433, 3.666131565060678, 4.477071567354505, 3.5297804997826874, 4.023422251626891, 4.225746996174315, 4.354634322126933, 4.429055026155353, 3.138785571499825, 3.3923784371243118, 3.5420801920559275, 3.3384660493748886, 1.7318611497059597, 4.554490809670805, 2.3022889766364645, 2.0351785162438185, 3.710431815723921, 3.4521926151584603, 4.31601603173433, 3.9238189406882427, 4.550042734708908, 2.9734773342130434, 3.5370840408236504, 4.750106059235858, 4.014813866032339, 2.719831227977259, 3.7293025829467634, 2.1583666042338745, 4.5380515641856585, 4.0854315315923815, 4.039825107760003, 3.746992379101842, 2.6700301929763155, 3.8511268509092837, 4.8107040585849035, 3.38658014360541, 3.707403315852098, 3.64924073863648, 3.734955275044846, 2.960940189188695, 2.877077038132624, 3.5447452887874795, 4.523241624215107, 3.0798445509991597, 3.956252042290895, 3.4948797826124243, 4.187357184186027, 4.701244229193651, 3.3176478621642373, 2.2874837863052795, 4.367405447309399, 2.614083414145149, 2.975128104754156, 3.228145266834845, 4.6111483564875915, 3.067442158020498, 3.23065868243539, 3.2269680820788573, 3.648099620726006, 3.159069277467534, 2.7694617793817597, 3.5487458159025644, 4.670219017347918, 4.62371153307396, 3.163137108966248, 4.270645201119946, 3.3471190909074737, 3.4862566406684805, 4.873788737459124, 4.257955900067791, 3.6003442744652503, 4.418938822005991, 3.6101008164262023, 4.607304898640378, 4.560660075319158, 3.4693277112878262, 3.4935088620523307, 2.7495886993413925],