{"SMILES": "C[C@@H](O)[C@@H]1NC(=O)CCc2cccc(c2)/C=C/Cc2ccsc2C[C@@H](C(=O)O)NC(=O)[C@H](CCC(N)=O)NC1=O", "num_confs": 25, "num_cleavable_bonds": 9, "num_ring_atoms": 20, "time": 327.1637833118439, "energies": [14.641322690790512, 14.68040401111529, 15.847565889486367, 16.474492125260497, 16.518022013240948, 16.5432603390634, 16.66171740899887, 17.09949119006543, 17.232341646275806, 17.287789903692833, 17.543667201435085, 17.543827972221884, 17.679524861112192, 17.713398157920594, 18.067366679874503, 18.313609812624655, 18.549136975692722, 18.61125614347781, 18.776210170927136, 18.941594593804744, 19.097532728399628, 19.26219108555928, 19.29552672839565, 19.296085769647956, 19.54321083871153], "rmsd": [0.9449992791084013, 0.8152320894955785, 1.1560746509685527, 0.6026462013906172, 2.953572829325809, 3.5412626692793134, 0.9313933070258993, 1.2861849297461416, 0.9372813332043989, 1.459117385646226, 1.4677508296232895, 3.3258459593675944, 1.2251565864472762, 2.4935213585625005, 2.04295823084228, 1.7996580295669962, 1.12155170583001, 1.2054098144397112, 2.7780359046360243, 1.672653748301646, 3.540993931135856, 1.3884959002186208, 1.3664446676107767, 3.247300733966341], "ring_rmsd": [0.22586841964724375, 0.14673883781284813, 0.3019873935934812, 0.06666533219047145, 1.3091167053922093, 1.459050643831483, 0.10759977852957155, 0.23538406930731362, 0.03327656625707071, 0.3078018612194477, 0.307802532292253, 1.3910253738081613, 0.2085355485545425, 1.0254994863477338, 0.7357962853975978, 0.3042669550605588, 0.09854602059158046, 0.2805994106007364, 1.0603317216130805, 0.266954008314682, 1.4560789206912204, 0.2095424010969715, 0.315630710616599, 1.2398661750475046], "parameters": {"repeats_per_cut": 5, "num_confs_genetic": 50, "num_confs_rotamer_search": 5, "force_field": "MMFF94s", "score": "energy", "min_rmsd": 0.5, "energy_diff": 5.0, "small_angle_gran": 5, "large_angle_gran": 15, "clash_threshold": 0.9, "distance_interval": [1.0, 2.5], "num_threads": 0, "max_iters": 1000, "num_embed_tries": 5, "embed_params": {"ETversion": 2, "boxSizeMult": 2.0, "clearConfs": true, "enforceChirality": true, "ignoreSmoothingFailures": false, "maxIterations": 1000, "numThreads": 0, "numZeroFail": 1, "onlyHeavyAtomsForRMS": true, "optimizerForceTol": 0.001, "pruneRmsThresh": -1.0, "randNegEig": true, "randomSeed": 1573094516, "useBasicKnowledge": true, "useExpTorsionAnglePrefs": true, "useRandomCoords": false, "verbose": false}}}