{"SMILES": "C[C@@H](O)[C@@H]1NC(=O)CCc2cccc(c2)/C=C/Cc2ccsc2C[C@@H](C(=O)O)NC(=O)[C@H](CCC(N)=O)NC1=O", "num_confs": 132, "num_cleavable_bonds": 9, "num_ring_atoms": 20, "time": 404.17414593696594, "energies": [14.641230396679212, 15.62420704413629, 15.847565766717898, 16.462246994187588, 16.518082120026765, 17.099515779510277, 17.287787440290728, 17.6765804589197, 17.699192927667998, 17.831562186830503, 18.361122116969778, 18.611268210400375, 18.81000206791809, 18.848676553297008, 19.05571167715777, 19.268457682805952, 19.30122007377514, 19.36311417650927, 19.575338065928957, 19.651617590666497, 19.921055966325135, 19.998173101873295, 20.03836391513415, 20.08095499284011, 20.085411185573868, 20.494625108334212, 20.66844750369218, 20.72623420202333, 20.726408826356845, 20.793801299841544, 20.829972318064925, 20.990313952609455, 21.06063181769317, 21.182464349229896, 21.200292439050422, 21.213861161985577, 21.243447729870194, 21.267969592370285, 21.28314031631978, 21.322415369898835, 21.454601674126494, 21.47196142861608, 21.490550939002347, 21.57375025505004, 21.589343665902923, 21.66278134567467, 21.81589843309107, 21.823218243470293, 21.826824212148107, 21.827820325293487, 21.849286375592133, 22.019581721863126, 22.039233557600475, 22.06748876143717, 22.07312677205084, 22.07907481351858, 22.08141930703333, 22.09328367765968, 22.153941358222706, 22.215390932537794, 22.254732228887846, 22.303804451436775, 22.31045219986097, 22.31115100233326, 22.33348291952209, 22.404073509342133, 22.452262648716903, 22.5211539753147, 22.52522417794999, 22.55825062792725, 22.6086808628054, 22.618246519683044, 22.66643399634945, 22.676744604343842, 22.683261687490706, 22.762961278882848, 22.775787811166584, 22.81137183228926, 22.88948581547944, 22.90854016348536, 22.93228980258514, 23.12987681881988, 23.146368062237748, 23.162154999596872, 23.17197801045171, 23.267581685446682, 23.27420497736177, 23.287819202676708, 23.328063000683464, 23.44466439914, 23.460815210315804, 23.494134972721117, 23.514606085720416, 23.556091644357632, 23.583843584435257, 23.63056985749387, 23.667198844904348, 23.6791781478294, 23.69797328284131, 23.890520532707896, 23.90906268178481, 23.919512861730546, 23.93924584140606, 23.949539546721095, 23.94983602215579, 23.959248868095724, 23.976879314761746, 23.985589757810263, 23.996986330672684, 24.000847764788237, 24.038643213313666, 24.066979006532016, 24.07334966727619, 24.07801291201956, 24.127417872012398, 24.186167010443512, 24.197416358679884, 24.214294746145267, 24.223549070244253, 24.250584241106452, 24.28716385805766, 24.29696392666101, 24.363302102242926, 24.379887426813998, 24.39970502591704, 24.447133614569402, 24.49723561163113, 24.50193649994953, 24.503361866767058, 24.514790243279975, 24.55431010529994, 24.61018086336854], "rmsd": [2.2895796032330384, 0.8152321403026499, 2.4173481793789064, 0.6026435098043776, 0.9313936995471824, 0.9372819188398351, 2.3352389789766828, 2.9721173491740926, 1.2957385057103608, 2.0946531375844755, 1.1215545313743014, 2.746368518586372, 3.0053291177213155, 1.8559374043556605, 3.1843097144860075, 3.0586503492683477, 1.4569339136314021, 2.0699641130063005, 2.192949072817853, 2.471975195369617, 1.5433208353468215, 2.1950231542346486, 2.2994685436953253, 1.3509645083297526, 2.620947654275125, 3.1948707575626534, 3.0961535476431292, 3.7257626273357083, 2.8995025107327774, 3.7637162242926365, 3.2142807105228797, 1.3136397044097543, 1.1357694587648988, 4.229476671768425, 3.5820705292176407, 1.781799214630344, 3.5615915414928248, 3.5745824454163544, 2.709455244422409, 1.6200444063461923, 1.408191871516903, 3.599893764746594, 2.9786593322863797, 1.8166616234326496, 1.4018713580284985, 3.2392075371057563, 1.5153034647728663, 2.613752553383862, 2.493855218631138, 2.6198921250575125, 2.330329738476529, 2.4922800111742784, 1.931536989654106, 1.708459236601622, 2.635350589253881, 1.3514683980048987, 3.0759230399045734, 4.086102614784829, 4.206763934845269, 1.8424052286143584, 2.4527639401949517, 4.051729659296768, 4.410888974652511, 4.245200034047411, 3.5884476645173913, 3.4188223634144927, 2.8936192434405967, 2.336485538717346, 1.892842395104834, 1.44053976008868, 2.9743699367088006, 2.365693445656975, 1.6681181219244696, 2.3857649916636494, 4.121592729547683, 3.191036135895521, 1.2829842276053631, 2.6433824627064046, 4.116467433655327, 2.4660589647080093, 3.043839839752266, 2.244166309697043, 4.092058002950609, 3.3315934027614613, 3.2117119672387746, 2.3511847703464683, 2.287924611770969, 1.318686810702008, 2.3867653406731257, 4.029624402333437, 4.127148326091207, 2.130488770836259, 2.5279303817833436, 3.926656823118936, 3.073621167833215, 3.284103689273141, 2.5959124952011017, 3.352961602618405, 2.3130213645422004, 3.54674641852749, 4.131304642794849, 2.4391632639639833, 3.420541235048793, 4.160329915372726, 3.130655151907039, 2.958070668077874, 3.944356605296582, 1.1238315141178148, 3.538580710484679, 3.025627169719868, 3.070884757525952, 2.5373523163615084, 3.0488914478777787, 2.327429414457355, 3.582138236640731, 4.0622594686610265, 3.537530521683294, 4.206020259569468, 2.4065570669442935, 3.1600254125510623, 1.4451340737062068, 3.180001110078112, 4.177943981422604, 2.226903479915651, 1.834413202777606, 2.925905888421918, 4.3404984498320465, 3.050936117560294, 2.0401700587277922, 2.4235563090003613, 4.378890408777698], "ring_rmsd": [1.3116312196828446, 0.14673771945702255, 1.294941326623199, 0.06666606534138421, 0.10759618577438639, 0.03327767565714615, 1.1948483594692894, 1.503403393682801, 0.40773206743102114, 1.1574513666084516, 0.0985493106435079, 1.3147922138049664, 1.2922736420229166, 0.42422807206984425, 1.4521785987802474, 1.5480767048591695, 0.5554529577564502, 0.858866183040409, 0.8745462854636136, 1.0510520555778828, 0.4186527114005966, 0.9776292749260225, 1.3187095630166081, 0.15437590970730608, 1.2910435504980686, 1.3912111615525262, 1.484983629193827, 1.8135052852757143, 1.4222569457103362, 1.7785044475420841, 1.586447486958855, 0.4271137697316076, 0.04875019725956723, 1.8055251046891987, 1.4838528706395726, 0.4250926742327889, 1.6543757777873507, 1.6547596952785066, 1.2800807098137394, 0.42404871850141757, 0.42281151979158044, 1.34080505356799, 1.156163232370314, 0.7810029664166084, 0.14084105767796487, 1.520998845438482, 0.6093271398969976, 1.4569266823629101, 1.287236084632337, 1.366636926773104, 1.296749682644532, 1.2787465096146764, 0.630064013707538, 0.6085352470549122, 1.3315206277591747, 0.43222289503500283, 1.4565730490254576, 1.4257799215920617, 1.4319277757161213, 0.6666890251091152, 1.338085601919678, 1.472719781462942, 1.803706658843278, 1.4366865844284915, 1.7898560484753738, 1.6525713354010676, 1.2334241220116944, 1.3346868100930989, 0.6188907664635874, 0.424519306108277, 1.3846382808732296, 1.1406876238093275, 0.614247873482996, 1.1541946338101574, 1.9394175316164826, 1.4714630083454003, 0.5115187792184416, 1.3111217257394814, 1.6162654301947692, 0.9965526906022866, 1.3184495933650324, 1.1383506116400648, 1.4414127759501913, 1.692949166886329, 1.430845181223399, 1.3485635095792639, 1.1553773843467634, 0.41937051950601173, 1.267885475979994, 1.5873570655198412, 1.9187027423908292, 0.644039941522722, 1.3572089649382273, 1.794960682303918, 1.5283152603314545, 1.6229998625850204, 1.3640888222056338, 1.556893562751312, 0.648020188245969, 1.549476376229451, 1.5871831101587242, 1.2725306312263251, 1.782302736209369, 1.409041728232324, 1.385981487807573, 1.4054597733876886, 1.4268823303485236, 0.14765507646794387, 1.1555004975189707, 1.3616402097610256, 1.2738081424301728, 1.35052749694524, 1.5487990878646491, 0.6371506865333835, 1.5936487483589556, 1.6108550140560527, 1.4932812858171083, 1.4138589184861374, 1.2996249288857769, 1.6000817094838131, 0.0481457170346396, 1.5786646923751158, 1.59603073901793, 0.8600187900881062, 0.7900565385213506, 1.3324053899897663, 2.079840440770381, 1.394795746397251, 0.6560463053025545, 0.9791861827959578, 1.9220899993674785],