{
    "SMILES": "O=C1N[C@@H](C(=O)NC[C@@H](Cc2c[nH]c3ccccc23)C(=O)O)Cc2cc(c3cccccc2-3)C/C=C/c2ccc(F)c(c2)C[C@H]2C=CN(C[C@@H]1Cc1cccs1)C2=O",
    "num_confs": 41,
    "num_rotatable_bonds": 8,
    "num_cleavable_bonds": 6,
    "num_ring_atoms": 19,
    "time": 106.7624158859253,
    "energies": [
        55.71420424065692,
        57.00034575771689,
        57.056990183506485,
        57.195961582848625,
        57.34655635335912,
        57.69079837373472,
        57.86569457965303,
        57.926040783492574,
        58.010885901361675,
        58.101987048952886,
        58.23566148926701,
        58.25686867893384,
        58.37492311136138,
        58.72915920124581,
        58.83456534072416,
        58.97852868329066,
        59.16700246791926,
        59.19463402311644,
        59.24086032689264,
        59.25388191282396,
        59.42694575162318,
        59.4421959034045,
        59.60845292452122,
        59.65379764915257,
        59.81154888035471,
        59.842815285583285,
        59.886687484514525,
        59.8892847385427,
        59.91268341012469,
        60.05981858758869,
        60.09627732135296,
        60.1481612598437,
        60.217061524799405,
        60.222514455638304,
        60.35591884671121,
        60.441682604664635,
        60.452346338794634,
        60.45263585213375,
        60.586922034807756,
        60.60443184899635,
        60.67030000345632
    ],
    "rmsd": [
        4.759411887722805,
        1.9719066472876745,
        5.1799107283833505,
        1.9882179253385281,
        2.4677131438542124,
        5.217084871345669,
        5.478363291847035,
        4.712663890066974,
        4.738967410688544,
        5.6811431239832,
        5.482596284366622,
        5.314320314032823,
        5.190100871610581,
        3.6746393822059478,
        3.6476086377448746,
        3.7651978688860024,
        2.936908464722134,
        5.177633210077196,
        5.061809672217069,
        5.119634067549005,
        3.936627085549206,
        5.094083526434743,
        5.579561620291796,
        5.303294933556604,
        4.8207894066463,
        4.576271302808911,
        3.7038647516555905,
        5.094679009095338,
        4.856230347676946,
        5.05146289595267,
        3.3910698949327887,
        4.83653873841504,
        5.403800961797508,
        5.095859962798008,
        5.10495648901925,
        5.169737134152079,
        3.4344766682513663,
        3.337690271523812,
        5.213489076224323,
        5.242895674731203
    ],
    "ring_rmsd": [
        0.8641050177033992,
        0.005342637003707377,
        0.9262996696056106,
        0.005795072631547538,
        0.7963014966338656,
        0.9102782038766456,
        1.272905908465328,
        0.885520232751851,
        0.8860729073430288,
        1.2552427810479945,
        0.9446928597101191,
        1.3462556125494927,
        1.4551562361658743,
        1.2207584087780117,
        0.88307347227817,
        0.8742662272112693,
        0.43667812393277256,
        1.4654964586393493,
        1.087940220565356,
        0.8837133186366841,
        0.7942174422493018,
        1.2824973739341714,
        1.461818429044838,
        1.0928806813786902,
        1.0890208226184954,
        0.8280292438830141,
        0.4459452386442681,
        1.3041195516956143,
        1.0675394868988903,
        1.0840325518019172,
        0.8178852362286063,
        0.8923920509855902,
        1.2983491769148028,
        1.3060836015366475,
        1.0889221989211153,
        1.0464468246315834,
        0.8794776082718931,
        1.2204818335970775,
        1.0393388884727044,
        1.0178038763004957
    ],
    "parameters": {
        "repeats_per_cut": 1,
        "num_confs_embed": 3,
        "num_confs_genetic": 5,
        "num_confs_rotamer_search": 15,
        "force_field": "MMFF94s",
        "dielectric": 1.0,
        "score": "energy",
        "min_rmsd": 0.5,
        "energy_diff": 5.0,
        "small_angle_gran": 5,
        "large_angle_gran": 15,
        "clash_threshold": 0.9,
        "distance_interval": [
            1.0,
            2.5
        ],
        "num_threads": 0,
        "max_iters": 1000,
        "min_macro_ring_size": 10,
        "extra_iters": 50,
        "embed_params": {
            "ETversion": 2,
            "boxSizeMult": 2.0,
            "clearConfs": true,
            "embedFragmentsSeparately": true,
            "enforceChirality": true,
            "ignoreSmoothingFailures": false,
            "maxIterations": 1000,
            "numThreads": 0,
            "numZeroFail": 1,
            "onlyHeavyAtomsForRMS": true,
            "optimizerForceTol": 0.001,
            "pruneRmsThresh": -1.0,
            "randNegEig": true,
            "randomSeed": 1592964615,
            "useBasicKnowledge": true,
            "useExpTorsionAnglePrefs": true,
            "useMacrocycleTorsions": false,
            "useRandomCoords": false,
            "useSmallRingTorsions": false,
            "verbose": false
        }
    }
}