{
    "SMILES": "CN1C[C@@H](C(=O)O)Cc2cccc3c([nH]cc23)C/C=C/c2cccc(c2)CCC(=O)N[C@H](CCc2cc3ccoc3s2)C(=O)N2[C@@H](CCC23CC3)C1=O",
    "num_confs": 11,
    "num_rotatable_bonds": 5,
    "num_cleavable_bonds": 10,
    "num_ring_atoms": 23,
    "time": 120.69334077835083,
    "energies": [
        59.02035005391822,
        59.71188512588283,
        61.09806144542483,
        61.48459532069348,
        61.969013606044086,
        62.374514344569974,
        62.645935322399346,
        62.815476303718086,
        63.57087600888899,
        63.7890345704705,
        63.82065966301409
    ],
    "rmsd": [
        1.0381665718982678,
        1.6548714723959745,
        1.8917418817358724,
        2.0817813461188552,
        1.9153126778059724,
        1.9725553477105429,
        0.8661813845246155,
        1.2169905593012433,
        1.5352490244616015,
        1.098480442037645
    ],
    "ring_rmsd": [
        0.11830868299346828,
        0.6307248910273151,
        0.49781839060128086,
        0.4917088718877176,
        0.03819336294354906,
        0.6718110604299536,
        0.24359597114499693,
        0.2766297083925141,
        0.5358583458946318,
        0.48589902319022715
    ],
    "parameters": {
        "repeats_per_cut": 1,
        "num_confs_embed": 3,
        "num_confs_genetic": 5,
        "num_confs_rotamer_search": 15,
        "force_field": "MMFF94s",
        "dielectric": 1.0,
        "score": "energy",
        "min_rmsd": 0.5,
        "energy_diff": 5.0,
        "small_angle_gran": 5,
        "large_angle_gran": 15,
        "clash_threshold": 0.9,
        "distance_interval": [
            1.0,
            2.5
        ],
        "num_threads": 0,
        "max_iters": 1000,
        "min_macro_ring_size": 10,
        "extra_iters": 50,
        "embed_params": {
            "ETversion": 2,
            "boxSizeMult": 2.0,
            "clearConfs": true,
            "embedFragmentsSeparately": true,
            "enforceChirality": true,
            "ignoreSmoothingFailures": false,
            "maxIterations": 1000,
            "numThreads": 0,
            "numZeroFail": 1,
            "onlyHeavyAtomsForRMS": true,
            "optimizerForceTol": 0.001,
            "pruneRmsThresh": -1.0,
            "randNegEig": true,
            "randomSeed": 1592947914,
            "useBasicKnowledge": true,
            "useExpTorsionAnglePrefs": true,
            "useMacrocycleTorsions": false,
            "useRandomCoords": false,
            "useSmallRingTorsions": false,
            "verbose": false
        }
    }
}