{
    "SMILES": "O=C1N[C@H](Cc2cccc3sc(=O)ccc23)C(=O)N[C@H](C(=O)O)Cn2nnc3c(=O)[nH]cc(c32)C/C=C/c2ccc(F)c(c2)C[C@H]2CC3c4cc(=O)n5ccnc5n4CC1N3C2=O",
    "num_confs": 26,
    "num_rotatable_bonds": 3,
    "num_cleavable_bonds": 7,
    "num_ring_atoms": 21,
    "time": 415.71835112571716,
    "energies": [
        143.1145599026987,
        144.13307218312644,
        144.29588179706604,
        144.48760105718878,
        144.8488504877652,
        145.00288241404436,
        145.73741004155505,
        145.8214294029104,
        146.09037511033983,
        146.12401145363376,
        146.28043657782558,
        146.50172679543624,
        146.9997427627737,
        147.119159808713,
        147.2035077773678,
        147.3046090277381,
        147.31351327463193,
        147.34357152938702,
        147.44468898304774,
        147.59014258474804,
        147.65425638107817,
        147.81464828586692,
        147.85179105722617,
        147.90400261656742,
        148.0075744207062,
        148.05637430860065
    ],
    "rmsd": [
        3.0301066995045964,
        4.418274979299412,
        3.9374024847345295,
        2.715849361047277,
        2.3221290506332077,
        3.0379768901567026,
        3.720371732860018,
        2.8365680404571925,
        3.7317602565261008,
        3.3690657860249558,
        4.470603580187238,
        1.8442920432696166,
        3.7058331621626666,
        3.141729410783306,
        4.488272317390791,
        3.275222283937348,
        2.602980877563197,
        4.571404057162196,
        2.693721973928088,
        2.400697263277278,
        3.2083724297084295,
        3.7883893975605707,
        2.6834314727190645,
        3.7666683440431306,
        4.678446539360923
    ],
    "ring_rmsd": [
        0.8475086276409437,
        1.2939360554110375,
        1.529694030179392,
        1.078414726454993,
        0.29260554479541523,
        0.8369226167815972,
        1.4025122923500835,
        0.8242242650855768,
        1.078026142145218,
        1.0583262878534552,
        1.3251153583677109,
        0.2635917073738512,
        1.237128749833517,
        1.214431712173088,
        1.534403410561737,
        1.2188416631099581,
        0.9997767977173789,
        1.3088227126420673,
        0.8425438561325909,
        1.0178857268534978,
        1.070526152282668,
        1.3307009024631262,
        0.3159117630886573,
        1.4234141116109862,
        1.4898203140327946
    ],
    "parameters": {
        "repeats_per_cut": 5,
        "num_confs_genetic": 50,
        "num_confs_rotamer_search": 5,
        "force_field": "MMFF94s",
        "score": "energy",
        "min_rmsd": 0.5,
        "energy_diff": 5.0,
        "small_angle_gran": 5,
        "large_angle_gran": 15,
        "clash_threshold": 0.9,
        "distance_interval": [
            1.0,
            2.5
        ],
        "num_threads": 0,
        "max_iters": 1000,
        "num_embed_tries": 5,
        "embed_params": {
            "ETversion": 2,
            "boxSizeMult": 2.0,
            "clearConfs": true,
            "enforceChirality": true,
            "ignoreSmoothingFailures": false,
            "maxIterations": 1000,
            "numThreads": 0,
            "numZeroFail": 1,
            "onlyHeavyAtomsForRMS": true,
            "optimizerForceTol": 0.001,
            "pruneRmsThresh": -1.0,
            "randNegEig": true,
            "randomSeed": 1573097718,
            "useBasicKnowledge": true,
            "useExpTorsionAnglePrefs": true,
            "useRandomCoords": false,
            "verbose": false
        }
    }
}